"name","type","n","missing","unique","mean","median","mode","mode_value","sd","v","min","max","range","skew","skew_2se","kurt","kurt_2se","category","description"
"island","character",333,0,4,NA,NA,163,"Biscoe",NA,0.60404548692837,NA,NA,NA,NA,NA,NA,NA,NA,NA
"bill_length_mm","numeric",333,0,163,43.9927927927928,44.5,44.5,NA,5.46866834264756,NA,32.1,59.6,27.5,0.0449328154770914,0.168121680225275,-0.900838013234441,-1.69024571174334,NA,NA
"bill_depth_mm","numeric",333,0,79,17.1648648648649,17.3,17.3,NA,1.9692354633199,NA,13.1,21.5,8.4,-0.148374126827666,-0.555160126054046,-0.909201392097417,-1.70593795058224,NA,NA
"flipper_length_mm","integer",333,0,54,200.966966966967,197,197,NA,14.0157652882879,NA,172,231,59,0.356909896254037,1.33542247041808,-0.977037461918003,-1.83321902046525,NA,NA
"body_mass_g","integer",333,0,93,4207.05705705706,4050,4050,NA,805.215801942897,NA,2700,6300,3600,0.468000121623319,1.75108027301473,-0.754036159274279,-1.41480084764261,NA,NA
"sex","character",333,0,3,NA,NA,168,"male",NA,0.499959418878338,NA,NA,NA,NA,NA,NA,NA,NA,NA
